{
  "nb": 5,
  "dof": 15,
  "nu": [
    4,
    6,
    9,
    14,
    22
  ],
  "corr_TE": 0.8696263565463044,
  "skew_by_spec": {
    "raw": {
      "TT": 0.9922902281475129,
      "TE": 0.9533682712011412,
      "EE": 0.9393393482665686
    },
    "hl_scalar": {
      "TT": 0.016550309284542146,
      "TE": 0.9041842431656251,
      "EE": 0.02235947327090287
    },
    "hl_matrix": {
      "TT": 0.03569721473540536,
      "TE": 0.03762732784234027,
      "EE": 0.016435985250150723
    }
  },
  "chi2": {
    "gaussian": {
      "mean_chi2": 15.029465957780817,
      "ks_p": 4.087113524067546e-64
    },
    "lognormal": {
      "mean_chi2": 14.969450185375718,
      "ks_p": 3.713372895590323e-116
    },
    "hl_scalar": {
      "mean_chi2": 14.975586405593909,
      "ks_p": 5.845913698209191e-47
    },
    "hl_matrix": {
      "mean_chi2": 15.044966772142317,
      "ks_p": 0.8662959970071966
    }
  }
}