{
  "config": {
    "nside": 16,
    "n_mc": 8000,
    "n_test": 4000,
    "sigma": 8.0
  },
  "nb": 25,
  "fsky": 0.9283854166666666,
  "ells": [
    2.0,
    3.0,
    4.0,
    5.0,
    6.0,
    7.0,
    8.0,
    9.0,
    10.0,
    11.0,
    12.0,
    13.0,
    14.0,
    15.0,
    16.0,
    17.0,
    18.0,
    19.0,
    20.5,
    22.5,
    24.5,
    26.5,
    28.5,
    30.5,
    32.0
  ],
  "skew": {
    "raw": [
      1.1820760465816724,
      1.0759172605260703,
      0.9828804218333993,
      0.8305512004920155,
      0.7740993820225348,
      0.7126123706883475,
      0.722467083762675,
      0.6050587271775089,
      0.592818073966876,
      0.601802231296661,
      0.6085803082818656,
      0.5432940600905208,
      0.5479443797762333,
      0.4963466994861548,
      0.49514386287029855,
      0.4687130991257468,
      0.4578289116763246,
      0.4501693423217542,
      0.291343499941474,
      0.23540759590515037,
      0.27748710019373835,
      0.3123447543465942,
      0.23232531497793155,
      0.2663820178060964,
      0.35863050476840513
    ],
    "lognormal": [
      NaN,
      NaN,
      -0.4053872364517717,
      -0.5701715918497262,
      -0.7089052941988647,
      -0.39430115528444104,
      NaN,
      -0.34083069791619486,
      -0.6598542840504648,
      -0.5150788143597342,
      -0.5468708375358349,
      -0.42392373918974036,
      -0.33786256759136296,
      -0.3961178486731827,
      -0.34153172295029094,
      -0.2810279900450754,
      -0.2928561329546947,
      -0.28744495328954917,
      -0.1922014377454651,
      -0.24875668358335148,
      -0.1694682335037507,
      -0.1277346139964539,
      -0.17353777745054103,
      -0.13043908194867856,
      -0.17962853457752215
    ],
    "hl": [
      NaN,
      NaN,
      0.06865773286916356,
      -0.060361208678487585,
      -0.1375525137089558,
      -0.007938530234223213,
      NaN,
      -0.014749934733438943,
      -0.22191519774158314,
      -0.1345855827645671,
      -0.1390347192925807,
      -0.088228119859633,
      -0.03563522646966189,
      -0.09725863865796266,
      -0.0525667563936166,
      -0.028020012589495182,
      -0.03767649847116161,
      -0.04017467390795497,
      -0.030080423326495808,
      -0.08592285367041684,
      -0.02107244259262797,
      0.018727640336428073,
      -0.037680475919489885,
      0.0009721708085099496,
      0.002257325757406118
    ]
  },
  "mean_abs_skew": {
    "raw": 0.564888969996642,
    "lognormal": 0.3510877831430314,
    "hl": 0.06186675812653912
  },
  "chi2": {
    "gaussian": {
      "mean_chi2": 26.39970375619061,
      "dof": 25,
      "ks_p": 2.6703854790993865e-14,
      "n_excluded": 0
    },
    "lognormal_raw": {
      "mean_chi2": 27.69487631317071,
      "dof": 25,
      "ks_p": 4.5761521098378993e-57,
      "n_excluded": 0
    },
    "lognormal_Mf": {
      "mean_chi2": 25.023961318298642,
      "dof": 25,
      "ks_p": 5.626645300510009e-05,
      "n_excluded": 0
    },
    "hl_raw": {
      "mean_chi2": 30.682293124249984,
      "dof": 25,
      "ks_p": 1.549369362980165e-121,
      "n_excluded": 0
    },
    "hl_Mf": {
      "mean_chi2": 24.96107441352665,
      "dof": 25,
      "ks_p": 0.1341480254177282,
      "n_excluded": 0
    }
  },
  "amplitude": {
    "gaussian": {
      "bias": -0.028051916463861626,
      "pull_mean": -0.565112646504561,
      "pull_std": 0.9706700476775787,
      "cov68": 0.62125,
      "n": 4000
    },
    "lognormal_raw": {
      "bias": 0.06307772101472797,
      "pull_mean": 1.1985100962890742,
      "pull_std": 1.125000775192836,
      "cov68": 0.40475,
      "n": 4000
    },
    "lognormal_Mf": {
      "bias": -0.0006999563766811878,
      "pull_mean": -0.05784289064541964,
      "pull_std": 0.9902040195141116,
      "cov68": 0.68725,
      "n": 4000
    },
    "hl_raw": {
      "bias": 0.09432798899494688,
      "pull_mean": 1.744024144189243,
      "pull_std": 1.2478535490811296,
      "cov68": 0.2665,
      "n": 4000
    },
    "hl_Mf": {
      "bias": 0.018079314190342588,
      "pull_mean": 0.30487918528839486,
      "pull_std": 0.9577482433790461,
      "cov68": 0.662,
      "n": 4000
    }
  }
}